product_name,Size g,Product type,category,country,retailer,HSR,nutrient_energy_kj,protein_g_per_100g,fat_g_per_100g,sat_fat_g_per_100g,carbohydrates,sugars_g_per_100g,sodium_mg_per_100g,fiber_g_per_100g,ingredients_text,date_collected,allergen,data_source,kcal_per_100g
All-Bran honey Almond,420,cereals,2,Australia,"coles, woolworths",4.5,1570.0,10.9,5.6,0.8,61.6,23.5,290.0,16.3,"Whole grain wheat (43%), wheat bran (29%), sugar, almond (5%), honey (3.5%), barley malt extract, molasses, salt, natural flavour, minerals (iron, zinc oxide), vitamins (niacin, vitamin B6, riboflavin, folate).",28/10/25,"May contain peanut, other tree nuts. Contains gluten, wheat, almond.",Kellogg’s,375.2390057361376
All-Bran Original,"350, 530",cereals,2,Australia,"coles, woolworths",5.0,1420.0,14.1,4.6,0.9,46.0,15.7,330.0,28.0,"Wheat bran (85%), sugar, barley malt extract, salt, minerals (iron, zinc oxide), vitamins (niacin, vitamin B6, riboflavin, folate). (Natural source of magnesium).",28/10/25,"gluten, wheat.  May contain peanut, tree nuts.",Kellogg’s,339.3881453154876
All-Bran wheat flake,330,cereals,2,Australia,"coles, woolworths",5.0,1490.0,12.2,3.6,0.7,58.9,10.8,360.0,18.8,"Whole grain wheat (53%), wheat bran (35%), sugar, barley malt extract, salt, minerals (iron, zinc oxide), vitamins (niacin, vitamin B6, riboflavin, folate). (Natural source of magnesium.)",28/10/25,"gluten, wheat.  May contain peanut, tree nuts",Kellogg’s,356.1185468451243
Coco pops chocos,260,cereals,2,Australia,"coles, woolworths",4.0,1650.0,8.7,2.9,1.0,82.0,24.1,275.0,9.2,"Cereals (61%) (wheat flour, maize flour, whole grain oat flour, barley flour, rice flour), sugar, cocoa (9%), fructo-oligosaccharides, oat fibre, minerals (calcium carbonate, iron, zinc oxide), salt, natural flavour, antioxidant (rosemary extract), vitamins (niacin, riboflavin, vitamin B6, folate).",29/10/25,https://www.kelloggs.com.au/en_AU/products/all-bran-wheat-flakes-honey-almond.html,"gluten, wheat.  May contain peanut, tree nuts, soy",394.3594646271511
Just Right,"11500, 1100,460,740",cereals,2,Australia,"coles, woolworths",4.0,1510.0,7.9,2.3,0.6,70.9,22.9,30.0,10.0,"Whole grains (64%)(wheat, oats), fruit (sultanas [12%], apricot pieces [5%] [concentrated apricot puree, concentrated apple puree, invert sugar, humectant (glycerol), sugar, wheat fibre, gelling agent (pectin), acidity regulator (296), natural flavour, colours (turmeric, paprika)]), sugar, puffed triticale (wheat), wheat flour, barley malt extract, salt, natural flavour, minerals (iron, zinc oxide), vitamins (niacin, vitamin B6, riboflavin, folate). ",29/10/25,,"gluten, wheat.  May contain peanut, tree nuts.",360.8986615678776
High protein Granola honey nut,450,cereals,2,Australia,"coles, woolworths",5.0,1800.0,24.5,10.9,1.5,57.8,10.8,140.0,14.6,"Whole grain oats (43%), soy protein (24%), glucose syrup, nuts (7%)(almond, cashew), fructo-oligosaccharides, chicory root fibre, honey (4%), sunflower oil, natural flavour, starch, salt, vitamin (vitamin E), emulsifier (soy lecithin).",29/10/25,"Contains gluten, cashew, almond, soy.  May contain wheat, milk, peanut, other tree nuts.",,430.2103250478011
Coco pops pillows,310,cereals,2,Australia,"coles, woolworths",2.5,1830.0,7.8,15.0,5.0,64.9,25.0,165.0,5.3,"Cereals (50%) (wheat flour, whole grain wheat flour, maize flour), milk chocolate flavoured filling (35%) (vegetable fat, milk chocolate [sugar, cocoa mass, whey powder (milk), concentrated butter (milk), whole milk powder, cocoa butter], sugar, glucose solids, cocoa, whole milk powder, skim milk powder, emulsifier [soy lecithin], natural flavour, acidity regulator [citric acid]), sugar, cocoa, oligofructose, potassium chloride, salt, vitamins (vitamin E, niacin, vitamin B6, riboflavin, thiamin, folate), minerals (iron, zinc oxide), antioxidant (rosemary extract).",29/10/25,,"gluten, wheat, milk, soy, tree nuts",437.3804971319311
Corn flakes plus multi grain,545,cereals,2,Australia,"coles, woolworths",3.5,1640.0,8.0,1.9,0.4,84.5,12.6,320.0,5.2,"Cereals (corn [56%], whole grain cereals [30%] [wheat, brown rice]), sugar, barley malt extract, invert syrup, salt, minerals (iron, zinc oxide), vitamins (niacin, vitamin E, vitamin B6, riboflavin, folate).",29/10/25,,"gluten, wheat, peanut, tree nuts",391.9694072657744
corn flakes,"890, 220,725,380,450",cereals,2,Australia,"coles, woolworths",3.5,1620.0,7.9,1.8,0.3,81.4,8.9,535.0,4.2,"Corn (90%), sugar, salt, barley malt extract, vitamins (vitamin E, niacin, vitamin B6, riboflavin, folate), minerals (iron, zinc oxide)",29/10/25,,"gluten, wheat, peanut, tree nuts",387.189292543021
rice bubbles,"110,250,860,410",cereals,2,Australia,"coles, woolworths",3.0,1640.0,7.4,1.3,0.2,85.0,8.4,420.0,2.3,"Whole white rice (91%), sugar, salt, barley malt extract, minerals (iron, zinc oxide), vitamins (niacin, riboflavin, vitamin B6, folate).",29/10/25,,"gluten, wheat, peanut, tree nuts",391.9694072657744
special K gluten free,330,cereals,2,Australia,"coles, woolworths",3.0,1600.0,6.5,1.4,0.3,83.2,13.8,500.0,3.3,"Whole grain brown rice (84%), sugar, salt, vitamins (vitamin E, niacin, vitamin B6, thiamin, riboflavin, folate), emulsifier (471), minerals (iron, zinc oxide).",29/10/25,,tree nuts,382.4091778202677
coco pops ,"540,950,375,650,1260",cereals,2,Australia,"coles, woolworths",2.0,1640.0,5.7,1.3,0.3,87.3,32.3,330.0,1.7,"Whole white rice (64%), sugar, cocoa (3%), minerals (calcium carbonate, iron, zinc oxide), salt, natural flavour , barley malt extract, vitamins (niacin, riboflavin, vitamin B6, folate).",29/10/25,"gluten, wheat, tree nuts",,391.9694072657744
cripx honey,460,cereals,2,Australia,"coles, woolworths",2.0,1610.0,5.2,0.9,0.1,86.9,25.7,490.0,1.7,"Maize flour (74%), sugar, honey (3.5%), salt, molasses, raising agent (sodium bicarbonate), barley flour, vitamins (niacin, thiamin, riboflavin, folate).",29/10/25,"gluten, wheat, peanut,tree nuts, soy, milk",,384.7992351816444
treatz,130,cereals,2,Australia,"coles, woolworths",1.5,1700.0,4.0,8.7,3.1,76.7,29.2,285.0,0.7,"White rice (38%), glucose, sugar, vegetable oil (antioxidant [tocopherols]), invert syrup, choc cookie pieces (6%) (wheat flour, sugar, vegetable oil, butter [milk], cocoa, tapioca syrup, raising agent [500], natural flavour, salt), marshmallows (6%) (glucose, sugar, gelatin [beef], thickener [1422], dextrose, acidity regulator [450], natural flavour), glucose solids, fructose, milk solids (2%), humectant (glycerol), salt, gelatin (beef), emulsifiers (canola lecithin, 472e, 472a [soy]), natural flavour, barley malt extract, antioxidant (rosemary extract).
",29/10/25,"gluten, wheat, peanut,tree nuts",,406.3097514340344
chop chip,100,cereals,2,Australia,"coles, woolworths",1.0,1780.0,3.2,11.3,5.5,76.7,36.5,290.0,0.7,"White rice (34%), glucose, choc chips (12%) (sugar, vegetable fat, milk solids, cocoa, emulsifiers [soy lecithin, 476], stabiliser [492]), fructose, sugar, vegetable oil (antioxidant [tocopherols]), glucose solids, invert syrup, humectant (glycerol), salt, gelatin (beef), natural flavour, emulsifiers (canola lecithin, 472e, 472a [soy]), barley malt extract, antioxidant (rosemary extract), milk solids.",29/10/25,"gluten, wheat, peanut,tree nuts",,425.43021032504777
splitstix,110,cereals,2,Australia,"coles, woolworths",0.5,1890.0,3.0,15.9,10.4,73.2,39.2,260.0,0.5,"White rice (29%), yoghurt compound (26%) (sugar, vegetable oil, milk solids, glucose [wheat], yoghurt powder [milk], emulsifier [soy lecithin], acidity regulator [330], salt), glucose, fructose, sugar, vegetable oil (antioxidant [tocopherols]), glucose solids, invert syrup, humectant (glycerol), salt, gelatin (beef), natural flavour, emulsifiers (canola lecithin, 472e, 472a [soy]), barley malt extract, antioxidant (rosemary extract), milk solids.",29/10/25,,"gluten, wheat, peanut,tree nuts",451.7208413001912
bean sprouts,250,vegetables,2,Australia,woolworths,5.0,188.0,41.0,1.0,1.0,5.5,1.7,4.0,3.1,,29/10/25,,,44.93307839388145
fresh carrot sticks,300,vegetables,2,Australia,woolworths,5.0,138.0,0.8,0.1,0.0,5.0,5.0,40.0,0.0,,29/10/25,,,32.98279158699809
classic potato mash,475,vegetables,2,Australia,woolworths,4.0,486.0,2.9,6.0,3.9,11.9,1.5,163.0,1.6,,29/10/25,,,116.1567877629063
Heart smart extra lean beef mince,500,meat,2,Australia,woolworths,4.5,545.0,21.2,5.0,2.3,1.0,1.0,56.0,0.0,Australian Beef (100%),29/10/25,,,130.25812619502867
champagne  leg ham,100,meat,2,Australia,woolworths,3.5,408.0,17.0,2.4,1.0,1.8,1.8,1050.0,0.0,"PORK (82%, WATER, SALT, DEXTROSE (MAIZE), POTATOST ARCH,VEGETABLE FIBRE, SUGAR , STABILISERS (339,450 ,451),FOOD ACID (331) ANTIOXIDANT (316),FLAVOUR, V EGETABLE GUM, HYDROLYSED VEGETABLEPROTEIN, PRESERV ATIVE (250), ACIDITY REGULATOR(326,321) VEGETABLE OIL,FLAVOUR ENHANCER(635), WOOD SMOKED.MANUFACTURE D MEAT",29/10/25,"EGG,GLUTEN,WHEAT,MILK,CRUSTACEAN,FISH,PEANUTS,TREE NUTS,SESAME,SOY,SULPHITES",,97.51434034416826
Woolworths Beef Porterhouse Steak & Butter 400g,400,meat,2,Australia,woolworths,2.0,1100.0,19.5,20.3,10.4,1.0,1.0,157.0,0.0,"Beef (90%), Herb & Garlic Butter (10%) (Butter (Cream (Milk), Salt), Garlic (Acidity Regulator (Citric Acid)), Onion, Herbs, Salt, Thickener (Xanthan Gum), Turmeric)",29/10/25,https://www.woolworths.com.au/shop/productdetails/243050/woolworths-beef-porterhouse-steak-butter,Milk,262.90630975143404
Woolworths Beef stir Fry,500,meat,2,Australia,woolworths,4.5,558.0,27.6,2.4,1.0,1.0,1.0,38.0,0.0,Australian Beef (100%),29/10/25,,,133.36520076481835
Macro organic lean beef mince,500,meat,2,Australia,woolworths,4.0,710.0,20.0,10.0,4.7,1.0,1.0,56.0,0.0,100% Australian Beef,29/10/25,,,169.6940726577438
Woolworths Health Smart Extra Lean Diced Beef 500g,500,meat,2,Australia,woolworths,4.5,558.0,27.6,2.4,1.0,1.0,1.0,38.0,0.0,Australian Beef (100%),29/10/25,,,133.36520076481835
Middle Bacon,1000,meat,2,Australia,woolworths,1.0,1030.0,15.1,20.4,8.2,1.2,1.0,1000.0,0.0,"Pork (86%), Water, Cure (Salt, Sugar, Mineral Salts (451, 450), Antioxidant (316), Preservative (250))",29/10/25,,,246.1759082217973
Short cut Bacon,200,meat,2,Australia,woolworths,1.5,635.0,16.3,9.2,3.4,1.0,1.0,1000.0,0.0,"Pork (85%), Water, Cure (Salt, Sugar, Mineral Salt s (451, 450), Antioxidant (316), Preservative (250 )), Naturally Wood Smoked",29/10/25,,,151.76864244741873
short cut wood smoked bacon,750,meat,2,Australia,woolworths,2.0,635.0,16.3,9.2,3.4,1.0,1.0,1000.0,0.0,"Pork, Water, Cure Salt, Sugar, Mineral Salts (451, 450), Antioxidant (316), Preservative (250), Wood Smoke.",29/10/25,,,151.76864244741873
cooking bacon,1000,meat,2,Australia,woolworths,1.0,1080.0,14.0,22.1,8.2,1.2,1.0,1000.0,0.0,"Pork (85%), Water, Cure (Salt, Sugar, Mineral Salts (451, 450), Antioxidant (316), Preservative (250)), Wood Smoke",29/10/25,,,258.1261950286807
kangoroo mince,1000,meat,2,Australia,woolworths,4.5,436.0,21.0,2.0,0.8,0.2,0.1,52.0,0.0,Kangaroo Meat (100%),29/10/25,,,104.20650095602294
K-Roo Kangaroo Sizzle Steak 400g,400,meat,2,Australia,woolworths,4.5,419.0,21.0,1.4,0.6,0.2,0.1,45.0,0.0,Kangaroo Meat,29/10/25,,,100.1434034416826
K-Roo Kangaroo Burger 440g,440,Burger,2,Australia,woolworths,4.0,397.0,18.0,1.9,0.8,2.1,0.3,430.0,0.0,"Kangaroo Meat (89%), Water, Rice Flour, Salt, Mineral Salts (450), Spices (Paprika, Pepper, Coriander, Mustard, Chilli, Nutmeg, Clove), Dehydrated Vegetables (Onion, Tomato, Garlic), Antioxidants (307b,316), Yeast Extract, Preservative (223), Sugar, Parsley. Gluten free.",29/10/25,,,94.88527724665391
K-Roo Herb & Garlic Kangaroo Steaks ,400,meat,,Australia,woolworths,4.0,602.0,30.0,1.9,0.6,3.5,1.8,375.0,0.0,"Kangaroo Meat (91%), Water, Sugar, Maltodextrin (Maize), Salt , Dehydrated Vegetables (Garlic, Red Bell Pepper, Onion), Herbs (Parsley, Rosemary, Thyme), Spices (Paprika, Chilli), Vegetable Gums (412, 461), Thickener (415), Canola Oil, Yeast extract, Colours (160c,100), Acidity Regulators (262, 330, 331), Mineral Salt (500), Antioxidant (316), Vegetable Extract (Garlic).",29/10/25,,,143.88145315487571
Woolworths 10 Beef Sausages 550g,550,meat,2,Australia,woolworths,1.5,1060.0,15.3,19.9,8.3,4.0,1.0,509.0,0.0,"Beef (71%), Water, Seasoning (Potato Starch, RiceFlour, Salt, Maize Starch, Plant Fibres (Bamboo, Pea, Psyllium Husk), Mineral Salt (451), VegetablePowders (Onion, Garlic), Yeast Extract, Preservative (223 (Sulphites)), Spices, Antioxidant (Ascorbic Acid), Spice Extract, Natural Flavour, Herbs), Vegetable Casing (Water, Thickener (401), Stabiliser (Guar Gum), Acidity Regulators (Citric Acid, Lactic Acid), Preservative (223 (Sulphites)), FirmingAgent (509)).",29/10/25,Sulphites,,253.34608030592733
Woolworths Aussie Beef Gluten Free Sausage Mince,500,meat,2,Australia,woolworths,1.5,1100.0,15.7,20.5,8.5,4.1,1.0,502.0,0.0,"Beef (73%), Water, Seasoning (Potato Starch, Rice Flour, Salt, Maize Starch, Plant Fibres (Bamboo, Pea, Psyllium Husk), Mineral Salt (451), Vegetable Powders (Onion, Garlic), Yeast Extract, Preservative (223 (Sulphites)), Spices, Antioxidant (Ascorbic Acid), Spice Extract, Natural Flavour, Herbs)",29/10/25,Sulphites,,262.90630975143404
Peppercorn Extra Lean Beef Burger 6 Pack,500,meat,2,Australia,woolworths,4.0,622.0,13.3,8.0,3.0,5.5,1.2,450.0,0.0,"Australian Beef (70%), Carrot, Sauteed Onion, Rice Flour, Salt, Parsley, Preservative (223), Mineral Salt (451), Herbs and Spices, Spice Extract (Paprika Oleoresin).",29/10/25,Sulphites,,148.66156787762907
Woolworths 4 Angus Quarter Pound Beef Burgers,454,meat,2,Australia,woolworths,3.5,877.0,18.1,14.6,5.6,1.7,1.0,447.0,0.0,"Beef (85%), Water, Sauteed Onion (Onion, Canola Oil), Seasoning (Sea Salt, Rice Flour, Potato Fibre, Spice (Pepper), Maize Flour, Mineral Salt (451), Preservative (223 (Sulphites)), Rice Bran, Tapioca Starch)",29/10/25,Sulphites,,209.60803059273425
Woolworths 10 Pork Sausages,550,meat,2,Australia,woolworths,2.0,1030.0,11.4,20.1,7.6,5.4,1.0,478.0,0.0,"Pork (71%), Water, Seasoning (Rice Flour, Salt, Potato Fibre, Potato Starch, Mineral Salt (451), Dextrose (Tapioca, Maize), Dehydrated Vegetables (Onion, Garlic), Preservative (223 (Sulphites)), Yeast Extract, Canola Oil, Ginger, Antioxidant (Ascorbic Acid), Spice Extract, Rosemary Extract, Orange Oil), Vegetable Casing (Water, Thickener (401), Stabiliser (Guar Gum), Acidity Regulators (Citric Acid, Lactic Acid), Preservative (223 (Sulphites)), Firming Agent (509))",29/10/25,Sulphites,,246.1759082217973
Woolworths 10 Chicken Sausages ,550,meat,2,Australia,woolworths,3.5,628.0,14.2,8.0,2.4,5.3,1.0,502.0,0.0,"RSPCA Approved Chicken (76%), Water, Seasoning (Potato Starch, Rice Flour, Maize Starch, Salt, Plant Fibres (Bamboo, Pea, Psyllium Husk), Vegetable Powders (Onion, Garlic), Mineral Salt (451), Yeast Extract, Preservative (223 (Sulphites)), Spices, Natural Flavour, Herbs), Vegetable Casing (Water, Thickener (401), Stabiliser (Guar Gum), Acidity Regulators (Citric Acid, Lactic Acid), Preservative (223 (Sulphites)), Firming Agent (509))",29/10/25,Sulphites,,150.09560229445506
Woolworths 16 Beef Chipolatas,550,meat,2,Australia,woolworths,1.5,1060.0,15.3,19.9,8.3,4.0,1.0,509.0,0.0,"Beef (71%), Water, Seasoning (Potato Starch, Rice Flour, Salt, Maize Starch, Plant Fibres (Bamboo, Pea, Psyllium Husk), Mineral Salt (451), Vegetable Powders (Onion, Garlic), Yeast Extract, Preservative (223 (Sulphites)), Spices, Antioxidant (Ascorbic Acid), Spice Extract, Natural Flavour, Herbs), Vegetable Casing (Water, Thickener (401), Stabiliser (Guar Gum), Acidity Regulators (Citric Acid, Lactic Acid), Preservative (223 (Sulphites)), Firming Agent (509))",29/10/25,Sulphites,,253.34608030592733
Macro Organic Classic Beef Meatballs ,400,meat,2,Australia,woolworths,3.0,828.0,16.3,12.6,6.3,5.0,1.0,342.0,0.0,"Australian Organic Beef (83%), Water, Organic Sauteed Onion (Organic Onion, Organic Beef Fat), Organic Rice Flour, Organic Tapioca Starch, Salt, Organic Spices, Organic Sugar, Organic Vegetable Powders (Onion & Garlic), Natural Flavour, Fermented Red Rice.",29/10/25,,,197.8967495219885
Macro Australian Organic 6 Beef Sausage ,450,meat,2,Australia,woolworths,3.0,898.0,16.1,14.4,6.6,5.4,1.0,408.0,0.0,"Australian Organic Beef (80%), Water, Organic Rice Flour, Organic Tapioca Starch, Organic Sauteed Onion (Organic Onion, Organic Beef Fat), Salt, Organic Onion Powder, Yeast Extract, Organic Dehydrated Garlic, Organic Spices, Organic Herbs, Organic Buffered Vinegar, Hog Sausage Casing.",29/10/25,,,214.6271510516252
Woolworths Heart Smart Extra Lean Beef Mince,500,meat,2,Australia,woolworths,4.5,545.0,21.2,5.0,2.3,1.0,1.0,56.0,0.0,Australian Beef (100%),29/10/25,,,130.25812619502867
Woolworths Lean Beef Mince,1000,meat,2,Australia,woolworths,4.0,710.0,20.0,10.0,4.7,1.0,1.0,56.0,0.0,Australian Beef (100%),29/10/25,,,169.6940726577438
Woolworths Corned Beef Silverside,1000-2500,meat,2,Australia,woolworths,3.5,388.0,17.1,2.3,1.0,0.1,1.0,940.0,0.0,"Australian Beef (71%), Water, Salt, Mineral Salts (451, 450, 452), Sugar, Antioxidant (316), Preservative (Sodium Nitrite), Vegetable Gums (Guar Gum, Xanthan Gum)",29/10/25,,,92.73422562141492
Woolworths Roast Beef In Onion & Red Wine,800-1500,meat,2,Australia,woolworths,3.5,603.0,17.6,7.6,3.0,1.3,0.2,575.0,0.0,"Australian Beef (81%), Water, Rub (Dehydrated Vegetables (including Onion (0.5%), Salt, Mineral Salt(Potassium Chloride), Acidity Regulators (262, Sodium Citrates), Herbs and Spices, Natural Red WineFlavour, Fermented Red Rice, Vegetable Gum (GuarGum), Thickener (Xanthan Gum), Maltodextrin (Maize), Antioxidant (316), Citrus Fibre, Canola Oil, Worcestershire Sauce, Sugar, Natural Colour (CaramelI), Yeast Extract, Tamarind Extract), Tapioca Starch, Acidity Regulators (262, Sodium Citrates), Mineral Salts (450, 451), Salt, Antioxidant (316), Thickener (Xanthan Gum), Canola Oil, Ginger, Pepper, Onion Extract",29/10/25,,,144.1204588910134
Woolworths Beef Lasagne ,2000,Food,2,Australia,woolworths,3.5,536.0,4.4,5.3,2.6,15.0,1.8,229.0,1.2,"Water, Pasta (22%) (Durum Wheat Semolina, Water), Beef (9%), Tomato Paste (7%) (Tomato, Acidity Regulator (Citric Acid)), Tapioca Flour, Carrot (2.5%), Butter (Milk), Onion (2%), Celery (1.5%), Milk (1%), Milk Powder (1%), Wheat Flour, Textured Vegetable Protein (Soy, Natural Colour (Caramel I)), Canola Oil, Onion Seasoning, Bouillon Powder, Garlic, Salt, Sugar, Paprika, Herbs, Natural Preservative (Nisin (Soy))",29/10/25,"Milk, Gluten, Soy, Wheat,Egg, Peanuts",,128.10707456978966
Woolworths Buttermilk Tennessee Style Chicken Wing Nibbles,600,meat,2,Australia,woolworths,3.5,990.0,14.8,14.7,2.5,10.9,1.0,410.0,1.1,"RSPCA Approved Chicken Wing Nibbles (70%), Tennessee Style Coating (20%) (Wheat Flour, Breadcrumb (Wheat Flour, Vegetable Oil, Yeast, Salt), Rice Flour, Thickeners (1420, 1404), Spices, Mineral Salts (508, 450, 500), Brown Sugar, Maize Flour (Wheat), Salt, Natural Flavourings (Barley, Milk), Vegetable Powders (Garlic, Onion), Natural Colours (Curcumin, Paprika Oleoresins), Vegetable Gum (415), Wheat Gluten, Herb, Spice Extract, Water), Vegetable Oil, Mineral Salts (450, 452, 339), Thickener (1422), Milk Solids (Soy, Buttermilk (Milk)), Sour Cream Powder (Milk), Yeast Extract, Natural Flavouring (Milk), Food Acid (Lactic Acid), Whey Protein (Milk)",29/10/25,"Milk, Gluten, Soy, Wheat",,236.61567877629065
Woolworths Southern Style Chicken Portions,1200,meat,2,Australia,woolworths,3.5,909.0,16.2,14.4,3.2,5.9,1.0,355.0,0.0,"RSPCA Approved Chicken (72%), Batter (Water, Wheat Flour, Maize Flour, Thickeners (1404, 1442, Xanthan Gum), Salt, Rice Flour, Mineral Salts (450, 500), Canola Oil, Natural Colours (160c, 100), Spices), Brine (Water, Rice Starch, Salt, Mineral Salts (451, 450), Buttermilk (Milk), Sugar, Dehydrated Vegetables (Garlic, Onion), Yeast Extract, Soy Protein, Whey Powder (Milk), Soy Extract, Maltodextrin (Maize), Rice Bran Oil, Flavour, Canola Oil, Acidity Regulators (327, Lactic Acid), Spice Extracts), Breader (Wheat Flour, Salt, Spices (Wheat), Yeast Extract, Dehydrated Vegetables (Onion, Garlic), Sugar, Canola Oil, Flavour, Yeast, Mineral Salts (450, 500), Herbs (Wheat), Natural Colour (Paprika Oleoresins), Spice Extracts), Flour Coating Blend (Wheat Flour, Thickener (1422), Spices (Wheat), Wheat Gluten, Egg White, Herbs (Wheat), Processing Aids (Wheat)), Canola Oil.",29/10/25,"Egg, Milk, Gluten, Soy, Wheat",,217.2562141491396
McCain Superfries Shoestring ,900,vegetables,2,Australia,woolworths,4.5,570.0,1.9,3.8,1.0,22.4,1.0,36.0,0.0,"Potato (95%), Canola Oil, Acidity Regulator (450), Dextrose.",29/10/25,"Sulphites, Gluten, Wheat",,136.23326959847037
MasterFoods Tomato Sauce ,500,vegetables,2,Australia,Coles,2.5,505.0,1.7,0.4,0.1,26.1,24.8,828.0,0.0,Tomatoes (From Paste) 79% Sugar Salt Acidity Regulator (Acetic Acid) Onion Spice Extract,29/10/25,,,120.697896749522
Farmers Union Greek Yoghurt Pouch Vanilla ,130,Yoghurt,2D,Australia,Coles,4.0,384.0,4.6,2.9,1.9,11.6,11.1,50.0,0.0,"Milk, Milk Solids, Water, Sugar, Cream (Milk), Thickener (Modified Starch), Natural Flavour, Acidity Regulators (Citric Acid, Sodium Citrate), Probiotic Cultures (Milk): B. lactis (BB-12), Yoghurt Cultures (Milk): S. Thermophilus, L. Bulgaricus, Vanilla Bean (0.01%), Natural Colour (Carotene)",29/10/25,Milk,,91.77820267686424
Woolworths Full Cream Long Life Milk UHT ,1000,Milk,1D,Australia,Woolsworth,4.0,264.0,3.3,3.4,2.6,4.8,4.8,40.0,0.0,Ultra Heat Treated Homogenised Full Cream Milk.,29/10/25,Milk,,63.09751434034417
Woolworths 12 Extra Large Free Range Eggs ,700,eggs,2,Australia,Woolsworth,4.0,596.0,12.2,9.9,3.3,1.3,1.0,136.0,0.0,,29/10/25,,,142.44741873804972
Casa Della Lucia's Beef Ravioli ,630,Food,2,Australia,Woolsworth,3.5,1160.0,14.4,5.7,2.3,39.9,2.7,595.0,4.0,"Durum Wheat Semolina (45%), Beef Mince (14%), Breadcrumbs (Wheat Flour, Salt, Yeast, Water), Water, Onion, Free Range Egg (5%), Carrot, Whey Powder (Milk), Canola Oil, Parmesan Cheese (Milk, Salt, Starter Cultures, Enzyme (Non-Animal Rennet), Tapioca Starch), Flavour (Salt, Hydrolysed Vegetable Protein, Herbs, Spices), Wheat Fibre, Salt, Garlic, Yeast Extract, Black Pepper, Nutmeg.",29/10/25,"Egg, Milk, Gluten, Wheat",,277.24665391969404
Smith's Potato Chips Lunchbox Snacks Multipack Salt & Vinegar 8 pack,152,Chips,2,Australia,Woolsworth,2.0,2230.0,6.5,33.0,2.3,49.9,3.0,795.0,2.7,"Potatoes (61%), Canola Oil and/or Sunflower Oil, Flavours, Maltodextrin, Lactose (Milk), Mineral Salt (Potassium Chloride), Food Acids (Sodium Diacetate, Citric Acid), Sugar, Salt, Flavour Enhancer (621), Dextrose, Whey Protein Concentrate (Milk), Soluble Fibre (Polydextrose), Antioxidants (Tocopherols, Ascorbic Acid, Rosemary Extract).",29/10/25,"Milk, Soy",,532.982791586998
Tasty Mix Chips Lunchbox Snacks Assorted Multipack 20 pack,368,chips,2,Australia,Woolsworth,2.0,2120.0,6.8,25.1,2.0,62.7,2.6,959.0,0.0,"Burger RingsCereals (Corn, Rice), Canola Oil, Maltodextrin, Rice Bran, Salt, Sugar, Hydrolysed Vegetable Protein (Soy), Flavour Enhancer (621), Food Acids (Sodium Diacetate, Citric Acid), Flavour, Mineral Salt (Potassium Chloride), Yeast Extracts, Onion Powder, Tomato Powder, Colours (102, 110, 155).TwistiesCereals (Corn, Rice), Canola Oil, Whey Powder (Milk), Maltodextrin, Cheese Powder (Barley, Milk), Salt, Flavour Enhancer (621), Hydrolysed Vegetable Protein, Yeast Extract, Mineral Salt (Potassium Chloride), Flavours, Natural Colours (Paprika Extract), Food Acid (Lactic Acid).CheetosCorn, Canola Oil, Whey Powder (Milk), Wheat Flour, Flavour Enhancer (621), Mineral Salt, Maltodextrin, Flavours, Natural Colours (Paprika Extract, Curcumin), Food Acid (Lactic Acid).DoritosCorn (70%), Canola Oil, Maltodextrin, Whey Powder (Milk), Salt, Dextrose, Sugar, Mineral Salt (Potassium Chloride), Cream Powder (Milk), Spices (Chilli, Black Pepper, Green Bell Pepper, Cumin), Tomato Powder, Vegetable Fat Powder (Milk, Soy), Flavours (Milk), Food Acids (Sodium Diacetate, Citric Acid, Lactic Acid), Onion Powder, Yeast Extract, Natural Colours (Paprika Extract, Annatto), Herb (Parsley), Sunflower Oil, Antioxidants (Tocopherols, Ascorbic Acid, Rosemary Extract).",29/10/25,"Milk, Gluten, Soy, Wheat",,506.69216061185466
Smarties Milk Chocolate 11 Mini Boxes Share Pack,127,chocolate,2,Australia,Woolsworth,0.5,1980.0,4.9,18.1,10.7,72.0,67.0,45.0,0.0,"Sugar, Milk Solids, Cocoa Butter^, Cocoa Mass^, Wheat Flour, Dried Glucose, Vegetable Fat Emulsifier ( Soy Lecithin), Rice Starch, Emulsifiers ( Soy Lecithin, 476), Colours (Carmine, Beta Carotene, Anthocyanin, Copper Chlorophyllin, Turmeric), Glazing Agents (903, 901), Spirulina Powder. Contains Milk, Soy, Wheat, Gluten. Product Contains 61% Milk Chocolate and 39% Crispy Shell. Milk Chocolate Contains Minimum 22% Cocoa Solids and Minimum 20% Milk Solids. ^ Rainforest Alliance Certified Cocoa. ",29/10/25,"Milk, Gluten, Soy, Wheat, Tree Nuts",,473.2313575525813
KitKat Milk Chocolate Mini Bars ,154,chocolate,2,Australia,Woolsworth,0.5,2160.0,6.6,26.7,14.9,61.6,50.7,78.0,0.0,"Sugar, Wheat Flour, Milk Solids, Cocoa Butter^, Vegetable Fats Emulsifier ( Soy Lecithin), Cocoa Mass^, Choc Paste ( Milk , Soy, Wheat ), Dried Glucose, Emulsifiers ( Soy Lecithin, 476), Cocoa^, Raising Agent (Sodium Bicarbonate), Salt, Yeast, Flavour, Processing Aid ( Wheat ). Contains Milk, Wheat, Gluten, Soy. May Contain Tree Nuts, Other Gluten Containing Ingredients. Product Contains 68% Milk Chocolate, 32% Wafer Fingers. Milk Chocolate Contains Minimum 22% Cocoa Solids and 20% Milk Solids.",29/10/25,"Milk, Gluten, Soy, Wheat",,516.2523900573614
Sakata Stars Rice Snack Mix Lunchbox Assorted Multipack 12 ,156,,2,Australia,Woolsworth,2.0,1200.0,5.4,8.9,2.2,82.5,8.5,471.0,0.5,,29/10/25,,,286.80688336520075
Woolworths Spring Water Bottles,600,Water,1,Australia,Woolsworth,5.0,0.0,0.0,0.0,0.0,0.0,0.0,0.0,0.0,100% Natural Spring Water,29/10/25,,,0.0
Woolworths Sparkling Mineral Water ,1250,Water,1,Australia,Woolsworth,5.0,0.0,0.0,0.0,0.0,0.0,0.0,23.0,0.0,Carbonated Mineral Water,29/10/25,,,0.0
Woolworths Skim Long Life Milk UHT,1000,Milk,1D,Australia,Woolsworth,5.0,150.0,3.6,0.1,0.1,5.0,5.0,43.0,0.0,Ultra Heat Treated Homogenised Skim Milk,29/10/25,Milk,,35.85086042065009
Sanitarium So Good Barista Almond Long Life Milk,1000,Milk,1D,Australia,Woolsworth,4.0,164.0,0.8,2.6,0.2,2.8,1.6,39.0,0.5,"Filtered water, Australian ground almonds (3%), cane sugar, corn maltodextrin, vegetable oils (sunflower, canola), acidity regulator (potassium phosphate), mineral (calcium), emulsifier (322), salt, vegetable gums (410, 418), antioxidant (ascorbic acid), vitamins (B12, B2, B1).",29/10/25,"Almond, Tree Nuts",,39.19694072657744
Pepsi Max No Sugar Cola Soft Drink Bottle,1250,Soda,1,Australia,Woolsworth,3.5,1.6,0.06,0.0,0.0,0.06,0.0,13.0,0.0,"Carbonated Water, Colour (150d), Sweeteners (951, 950), Food Acids (338, 330), Preservative (211), Caffeine, Flavour.CONTAINS CAFFEINE. CONTAINS PHENYLALANINE.",29/10/25,,,0.3824091778202677
Woolworths Free From Lactose Lite Long Life Milk UHT,1000,Milk,1D,Australia,Woolsworth,5.0,190.0,3.4,1.3,1.0,4.9,4.9,43.0,1.0,"Ultra Heat Treated Homogenised Reduced Fat Milk, E nzyme (Lactase).",29/10/25,Milk,,45.41108986615679
Fanta Orange Soft Drink Mini Cans,250,Soda,1,Australia,Woolsworth,1.0,127.0,0.0,0.0,0.0,7.3,7.2,1.1,0.0,"Carbonated Water, Sugar, Orange Juice from Concentrate (2.1%), Food Acids (330, 329, 333), Flavour, Natural Colour (160a), Preservative (202), Sweeteners (950, 955), Antioxidant (300).",29/10/25,,,30.353728489483743
Sprite Zero Sugar Lemonade Soft Drink Mini ,250,Soda,1,Australia,Woolsworth,3.5,4.2,0.05,0.0,0.0,0.1,0.0,12.7,0.0,"Carbonated water, food acids (330, 331), flavour, sweeteners (951,950), preservatives (202, 211).",29/10/25,,,1.0038240917782026
Coca-Cola Classic Soft Drink Multipack Cans,375,Soda,1,Australia,Woolsworth,0.5,180.0,0.0,0.0,0.0,10.6,10.6,10.0,0.0,"Carbonated Water, Sugar, Colour (150d), Food Acid (338), Flavour, Caffeine.",29/10/25,,,43.02103250478012
Kirks Sugar Free Orange Soft Drink Multipack Cans,375,Soda,1,Australia,Woolsworth,3.5,4.1,0.0,0.0,0.0,0.01,0.0,8.2,0.0,,29/10/25,,,0.9799235181644358
Coca-Cola Vanilla Soft Drink Mini Cans ,250,Soda,1,Australia,Woolsworth,0.5,185.0,0.0,0.0,0.0,11.0,10.9,10.0,0.0,"Carbonated Water, Sugar, Colour (150d), Food Acid (338), Flavour, Caffeine.",29/10/25,,,44.21606118546845
Woolworths Apple Juice 2L,2000,Juice,1,Australia,Woolsworth,2.5,189.0,0.4,0.1,0.0,10.5,9.5,5.0,0.1,"Reconstituted Apple Juice (99.7%), Acidity Regulator (Citric Acid), Natural Flavour, Vitamin C.",29/10/25,,,45.17208413001912
Powerade ION4 Mountain Blast Sports Drink Sipper Cap,600,Soda,1,Australia,Woolsworth,1.5,104.0,0.0,0.0,0.0,5.8,5.8,29.0,0.0,"Water, Sucrose, Electrolytes (Magnesium Sulphate, Calcium Chloride, Potassium Citrate, Sodium Citrate, Sodium Chloride, Potassium Phosphate), Food Acid (330), Flavour, Colour (133).",29/10/25,,,24.8565965583174
Schweppes Lemonade Soft Drink Bottle ,1100,Soda,1,Australia,Woolsworth,1.0,143.0,0.0,0.0,0.0,8.2,8.2,6.0,0.0,"Carbonated Water, Sugar, Food Acids (330, 331), Natural Flavours (With Lime & Lemon Oils).",29/10/25,,,34.17782026768642
Gatorade Sports Drinks Blue Bolt Electrolyte Hydration Bottle ,600,Soda,1,Australia,Woolsworth,1.5,103.0,0.0,0.0,0.0,6.0,6.0,51.0,0.0,"Water, Sucrose, Glucose, Food Acids (330, 331), Monopotassium Phosphate, Sodium Chloride, Flavour, Colour (133).",29/10/25,,,24.61759082217973
Kirks Lemonade Soft Drink Bottle ,1250,Soda,1,Australia,Woolsworth,1.0,137.0,0.0,0.0,0.0,7.9,7.9,1.0,0.0,"Carbonated Water, Sugar, Food Acid (330), Flavour, Preservative (202), Sweeteners (955, 950).",29/10/25,,,32.74378585086042
Woolworths Apple & Blackcurrant Juice 2L,2000,Juice,1,Australia,Woolsworth,3.0,186.0,0.4,0.0,0.0,10.5,8.9,8.0,0.1,"Reconstituted Fruit Juices [Apple (94.8%), Blackcurrant (4.9%)], Acidity Regulator (Citric Acid), Natural Flavour, Vitamin C, Natural Colour (163).",29/10/25,,,44.45506692160612
Woolworths Orange Juice 2L,2000,Juice,1,Australia,Woolsworth,3.0,171.0,0.9,0.1,0.0,8.8,7.7,5.0,0.5,"Reconstituted Orange Juice (99.8%), Natural Flavour, Vitamin C, Acidity Regulator (Citric Acid).",29/10/25,,,40.86998087954111
Nestle Sweetened Condensed Milk,395,Milk,1D,Australia,Woolsworth,1.0,1360.0,7.5,8.0,5.0,55.0,55.0,100.0,0.0,"Milk , Sugar, Milk Solids",28/10/25,Milk,,325.0478011472275
Woolworths Evaporated Milk ,385,Milk,1D,Australia,Woolsworth,3.0,617.0,7.2,8.6,5.7,10.4,10.4,105.0,0.0,"Milk, Stabiliser (Potassium Citrate, 339, Carrageenan)",29/10/25,Milk,,147.46653919694072
Schweppes Lemonade Soft Drink Cans Multipack,375,Soda,1,Australia,Woolsworth,1.0,143.0,0.0,0.0,0.0,8.2,8.2,10.0,0.0,"Carbonated Water, Sugar, Food Acids (330, 331), Natural Flavours (With Lime & Lemon Oils).",29/10/25,,,34.17782026768642
Woolworths Lunch Box Poppers Apple 35% Fruit Drink,250,Juice,1,Australia,Woolsworth,1.0,167.0,0.0,0.0,0.0,9.8,9.5,5.0,0.0,,29/10/25,,,39.91395793499044
Nescafe Caramel Latte Coffee Sachets ,170,Coffee,1,Australia,Woolsworth,1.0,200.0,1.0,1.4,1.3,9.0,5.5,50.0,0.0,"Sugar, Glucose Syrup, Vegetable Oil, Soluble Coffee (10%), Milk Solids, Flavours, Stabilisers (340, 451, 331, 452), Emulsifiers (471, 472e), Salt Sucre, Sirop de Glucose, Huile Vegetale, Cafe Soluble (10%), Matieres Seches Du L Ai T, Aromes, S Tabilisateurs (340, 451, 331 ,452), emulsifiants (471 ,472e), Sel. Sachet: Contains Milk Carton: Contains Milk Carton: Contient Du Lait.",29/10/25,Milk,,47.801147227533455
Powerade Isotonic Mountain Blast Powder,500,Drink,1,Australia,Woolsworth,1.5,99.0,0.0,0.0,0.0,5.6,5.6,47.0,0.0,"Sugar (Sucrose, Dextrose), Food Acid (330), Sodium Citrate, Potassium Phosphate, Flavour, Sodium Chloride, Colour (133)",29/10/25,,,23.66156787762906
Nestle Carnation Creamy Evaporated Milk,340,Milk,1D,Australia,Woolsworth,3.0,595.0,6.5,8.0,5.0,11.0,11.0,125.0,0.0,"Milk, Milk Solids, Vegetable Gum (Carrageenan). Co,ntains Milk",29/10/25,Milk,,142.20841300191205
Woolworths Baby Leaf Spinach ,,Vegetables,2,Australia,Woolsworth,5.0,68.0,2.8,1.0,1.0,1.0,1.0,90.0,2.5,Spinach,29/10/25,,,16.252390057361374
Woolworths Caesar Salad Kit,,Vegetables,2,Australia,Woolsworth,5.0,556.0,4.5,9.8,2.4,5.9,2.4,357.0,2.0,"Cos Lettuce (63%), Caesar Dressing (20%) (Water, C anola Oil, Concentrated Lemon Juice, Sugar, Vinega r, Egg Powder, Salt, Dijon Mustard (Water, Mustard Seed, Salt, Sugar, Acidity Regulator (Acetic Acid ), Spices), Fish Sauce (Anchovy Extract (Fish)), G arlic Puree, Parmesan Cheese (Milk, Starter Cultur e, Non Animal Rennet, Salt, Stabiliser (Xanthan Gu m)), Pepper), Parmesan Cheese (6%) (Milk, Salt, St arter Culture, Enzyme (Non Animal Rennet, Lipases) ), Croutons (5%) (Wheat Flour (Vitamin B1, Folic A cid), Canola Oil, Salt, Yeast, Wheat (Gluten, Pota ssium Iodate), Water, Cheese Powder (Milk, Salt, S tarter Culture, Enzymes, Acidity Regulator (Citric Acid)), Whey Powder (Milk), Garlic Powder, Herbs and Spices, Sugar, Bread Improver (Acidity,Regulat or (Ascorbic Acid), Enzyme (1100)), Raising Agent (920), Yeast Extract, Anticaking Agent (551), Natu ral Flavour (Milk)), Bacon (3%) (Pork",29/10/25,"Egg, Fish, Milk, Gluten, Wheat",,132.887189292543
Woolworths Crunchy Noodle Coleslaw Kit,520,Vegetables,2,Australia,Woolsworth,4.0,380.0,1.7,4.6,1.0,9.6,5.8,169.0,2.2,"Cabbage (49%), Carrot (14%), Asian Style Soy Dressing (13%) (Water, Sugar, Canola Oil (Antioxidant (307)), Vinegar, Tomato Paste, Soy Sauce (Water, Soybean, Wheat, Salt), Egg Yolk, Thickener (1442, Xanthan Gum), Milk Solids, Salt, Mineral Salt (Potassium Chloride), Natural Flavours (Garlic, Onion), Spices, Spice Extract, Herbs), Celery, Crispy Fried Noodles (6%) (Wheat Flour, Vegetable Oil (Sunflower Oil, Canola Oil, Antioxidant (307b)), Salt, Raising Agents (450, Sodium Carbonate), Water, Colour (Annatto Extracts)), Spring Onions (4%), Onion (1%), Ingredients and Percentages may vary due to seasonal and processing variability",29/10/25,"Egg, Fish, Milk, Gluten, Wheat",,90.82217973231356
Woolworths Thickened Cream ,600,Cream,2D,Australia,Woolsworth,0.5,1400.0,2.4,35.4,24.1,3.0,3.0,25.0,0.0,,29/10/25,Milk,,334.6080305927342
Woolworths Sour Cream 300mL,300,Cream,2D,Australia,Woolsworth,0.5,1400.0,1.9,36.0,24.0,2.2,2.2,24.0,0.0,"Cream (Milk), Starter Culture (Milk).",29/10/25,Milk,,334.6080305927342
Woolworths Natural Greek Style Yoghurt ,1000,Yoghurt,2D,Australia,Woolsworth,3.0,489.0,5.0,7.6,5.3,7.2,5.5,57.0,1.0,"Pasteurised Milk and Cream (Milk), Skim Milk Powde r, Live Cultures (Milk) (including S. thermophilus , L. acidophilus, Bifidobacterium, L. casei).",29/10/25,Milk,,116.8738049713193
Hillview Tasty Shredded Cheese ,700,Cheese,3D,Australia,Woolsworth,2.5,1650.0,23.2,33.8,22.4,1.0,1.0,684.0,0.0,"Tasty Cheese (98%) (Pasteurised Milk, Salt, Starte r Culture (Milk), Non Animal Rennet), Anticaking A gent (Cellulose), Preservative (Sorbic Acid).",29/10/25,Milk,,394.3594646271511
Woolworths Greek Style Fetta,200,Cheese,3D,Australia,Woolsworth,1.0,1340.0,19.9,26.8,18.7,1.0,1.0,1550.0,0.0,"Pasteurised Cow's Milk, Salt, Mineral Salt (509),,Non Animal Rennet, Starter Cultures (Milk)",29/10/25,Milk,,320.26768642447416
Woolworths Tasty Cheese Slices 500g,500,Cheese,3D,Australia,Woolsworth,2.5,1650.0,25.5,32.7,21.8,0.5,0.5,652.0,0.0,"Pasteurised Milk, Salt, Starter Culture (Milk), Non Animal Rennet",29/10/25,Milk,,394.3594646271511
Woolworths Light Sour Cream 300mL,300,cream,2D,Australia,Woolsworth,0.5,763.0,2.6,18.0,11.7,3.1,2.9,33.0,0.0,"Skim Milk, Cream (Milk), Starter Culture (Milk).",29/10/25,Milk,,182.36137667304016
Woolworths Shredded Parmesan Cheese ,250,Cheese,3D,Australia,Woolsworth,2.5,1550.0,32.0,27.1,18.8,0.5,0.5,1010.0,0.0,"Parmesan Cheese (97%) (Pasteurised Milk, Salt, Sta ,rter Culture (Milk), Enzymes (Rennet, Animal Deri v,ed Lipase)), Anti Caking Agent (Cellulose), Pres er,vative (Sorbic Acid)",29/10/25,Milk,,370.4588910133843
Woolworths 12 Extra Large Free Range Eggs,700,eggs,2,Australia,Woolsworth,4.0,596.0,12.2,9.9,3.3,1.3,1.0,136.0,0.0,,29/10/25,,,142.44741873804972
Essentials Salted Butter 250g,250,Butter,3,Australia,Woolsworth,0.5,3050.0,1.0,82.1,53.1,1.0,1.0,550.0,0.0,"cream (milk) water, salt",29/10/25,Milk,,728.9674952198852
Woolworths Spread Olive Oil 500g,500,Oil,3,Australia,Woolsworth,3.0,2400.0,1.0,64.8,17.1,1.0,1.0,350.0,0.0,"Vegetable Oil (Canola Oil, Olive Oil (19%), Fully Hydrogenated Vegetable Oil), Water, Salt, Milk Sol ids, Emulsifier (471, Lecithin (Soy)), Preservativ e (Potassium Sorbate), Acidity Regulator (Lactic A cid), Natural Colours (Annatto Extracts, Curcumin) , Vitamins (Vitamin A, Vitamin D), Natural Flavour .",29/10/25,"Milk, Soy",,573.6137667304015
Macro Organic Salted Butter 250g,250,butter,3,Australia,Woolsworth,0.5,3000.0,1.0,80.4,53.0,1.0,1.0,557.0,0.0,"Organic Cream (Milk), Salt, This Product contains 80% Milk Fat",29/10/25,Milk,,717.0172084130019
Flora Margarine Spread Buttery 500g,500,butter,3,Australia,Woolsworth,3.0,2360.0,1.0,63.4,15.9,1.0,1.0,355.0,0.0,"Vegetable oils (63%) (containing 53% Sunflower and Canola oils), water, buttermilk (milk) (8%), salt, emulsifiers (471, soy lecithin), preservative (202), food acid (lactic acid), natural flavours, vitamins (A, D), natural colour (beta-carotene).",29/10/25,"Milk, Soy",,564.0535372848948
Latina Fresh Lasagne Sheets Sheets ,375,Pasta,2,Australia,Woolsworth,4.5,1230.0,11.8,4.4,0.8,49.5,0.9,17.0,3.0,"Durum Wheat Semolina (73%), Water, Egg (10%), Canola Oil, Food Acid (Lactic Acid). Lasagne Sheets.",29/10/25,"Egg, Gluten, Wheat",,293.97705544933075
Weet-Bix – Sanitarium,1200,cereals,2,Australia,Woolsworth,5.0,1480.0,12.0,1.4,0.3,67.0,2.8,270.0,10.1,"Wholegrain wheat(97%), raw sugar, salt, barley malt extract, vitamins (niacin, thiamin, riboflavin, folate), mineral (iron)",29/10/25,"Gluten, lupin",,353.7284894837476
Corn Thins Original – Real Foods,150,cereals,2,Australia,"Coles, Woolsworth",4.5,1600.0,10.2,3.4,0.5,70.9,0.4,259.0,7.3,"MAIZE (98%), SUNFLOWER OIL, SEA SALT",29/10/25,"Sesame, soy",,382.4091778202677
Jatz original – Arnotts,225,cereals,2,Australia,"Coles, Woolsworth",2.0,1950.0,7.6,18.3,3.9,66.0,6.0,490.0,3.2,"wheat flour,vegetable oil, sugar, salt, malt extract (from barley), baking powder, yeast, antioxidants (e307b from soy, e304), emulsifier (soy lecithin) ",29/10/25,"Gluten, Soybeans , eggs, Milk, Nuts, Peanuts, Sesame seeds",,466.0611854684512
 Lait Demi-écrémé – BON ET BIO ,1000,Milk,1D,Australia,"Coles, Woolsworth",4.5,192.0,3.2,1.6,1.0,4.8,4.8,120.0,0.0,,29/10/25,Milk,,45.88910133843212
 100% jus de pomme – FRUIMA,"1000,33",Juice,1,Australia,"Aldi, Woolsworth",4.5,188.0,0.5,0.5,0.1,11.0,10.0,10.0,0.0,Apple,29/10/25,,,44.93307839388145
Lait entier Aldi,1000,Milk,1D,Australia,Aldi,4.5,271.0,3.3,3.6,2.2,4.8,4.8,250.0,0.0,,29/10/25,Milk,,64.77055449330784
Purée de tomate au baslic – Mutti,700,Processed vegetables,2,Australia," Casino, Magasins U, Woolworths, Coles",4.5,151.0,1.6,0.1,0.1,5.1,4.5,500.0,0.0,"Tomate 99 %, sel, basilic 0,1 %, extrait de basilic. ",29/10/25,,,36.08986615678776
Sirop de citron – Fruima,750,Juice,1,France,"Aldi, Woolsworth",4.5,1142.0,0.5,0.5,0.1,68.0,66.0,10.0,0.0,"Sucre, sirop de glucose fructose, jus de citron à base de concentré 24% eau, acidifiant: acide citrique, arômes naturels de citrons, stabilisant : esters glycériques de résine de bois. ",29/10/25,,,272.944550669216
Céleri rémoulade – Déli'Salades ,300,P. foods,2,"Australia, France","Aldi, Woolsworth",4.5,394.0,1.0,7.6,0.6,3.7,1.7,1200.0,0.0,"Céleri râpé 70%, eau, huile de colza, amidon transformé de pomme de terre , moutarde 1% (eau, graines de moutarde, vinaigre d'alcool, sel), vinaigre d'alcool, , épaississantsE415, jaune d’œuf en poudre 0.1%, acidifiant : E330, conservateur :E202, antioxydant : E300, poivre ",29/10/25,"Céleri, Œufs, Moutarde Traces : Crustacés, Poisson, Gluten, Lait, Mollusques, Fruits à coque, Soja ",,94.16826003824092
  Lavosh - Original Bites – Kurrajong Kitchen,145,snacks,2,"Australia, France",,4.0,1950.0,12.0,12.9,6.3,69.6,6.1,747.0,3.9,"contains vitamin; thiamine, folic acid), (), solids (), poppy seeds,",29/10/25,"Gluten, Lait, Graines de sésame ",,466.0611854684512
 Timtam Chewy Caramel – Arnott's ,175,snacks,2,"Australia, France, New zealand",,0.5,2050.0,4.3,23.4,13.5,64.6,46.0,392.0,1.6,"Sucre, farine de blé, caramel (15,5%) (sucre, lait condensé, eau, beurre (de lai), glucose (de blé), humectant (E422), émulsifiants (E471, lécithine de soja), antioxydant (E307b), saveur, sel), huile végétale (soja) , Lait en poudre, Beurre de cacao, Mousse de cacao, Sirop doré, Couleurs alimentaires (Caramel III2, rouge de Betterave, Cochenille, Rocou), Émulsifiants (Lécithine de soja, E476), Poudre de cacao, Sel, levure chimique, Arôme ",29/10/25,"Gluten, Lait, Soja",,489.961759082218
Tim Tam Double Coat – Arnott's ,200,snacks,2,"Australia, France, New zealand",,0.5,2200.0,4.95,27.9,15.8,63.5,47.7,383.0,1.8,"Sucre, farine de blé, huile végétale (soja), lait écrémé, beurre de cacao, pâte de cacao, sirop doré, colorant alimentaire (caramel III1 (de blé), rouge de betterave, cochenille, rocou), émulsifiant (lécithine de soja, E476), cacao en poudre, sel, levure chimique, arôme. ",29/10/25,"Gluten, Lait, Soja ",Open food facts,525.8126195028681
TIM TAM ORIGINAL – Arnott's,200,snacks,2,"Australia, France, New zealand, UAE",,0.5,2190.0,0.8,26.8,15.0,65.1,46.0,72.0,1.8,"Sucre, farine de blé, huile végétale (contient du soja) matière sèche du lait, beurre de cacao, pâte de cacao, mélasse claire, colorants alimentaire (caramel III (de blé), rouge de betterave, cochenille, rocou) cacao en poudre, émulsifiants (lécithine de soja, E476) sel, levure chimique, arôme, contient 38% de chocolat au lait. ",29/10/25,"Gluten, Lait, Soja Traces : Œufs, Fruits à coque, Arachides, Graines de sésame ",,523.4225621414914
Arnotts Tim Tam Biscuit Dark Chocolate imp,200,snacks,2,"Australia, France, New zealand, UAE",,0.5,2170.0,4.4,26.5,14.6,64.5,42.6,400.0,2.0,"SUCRE, FARINE DE BLÉ, HUILE VÉGÉTALE, PÂTE DE CACAO, ÉMULSIFIANTS (E322 (DE SOJA). E476), MÉLASSE CLAIRE, CACAO EN POUDRE, MATIÈRE SÈCHE DU LAIT, COLORANT (E150C), BEURRE DE CACAO, ARÔMES. SEL. AGENT LEVANT (E500), ANTIOXYDANT (E306 DE SOJA). ",29/10/25,"Gluten, Lait, Soja Traces : Œufs, Fruits à coque, Arachides, Graines de sésame ",,518.642447418738
Arnott's Kingston Biscuits,200,snacks,2,"Australia, France, New zealand",,0.5,2090.0,4.51,24.1,16.5,63.9,43.6,1370.0,3.01,"sucre, chocolat composé (23 0%) (sucre, matière sèche du lait, huile végétale, cacao en poudre, pâte de cacao, émulsifiants (lécithine de soja, e492, e476), arôme naturel), farine de blé, huile végétale, noix de coco séchée, flocons d'avoine, mélasse claire, levure chimique, sel, lait écrémé en poudre, émulsifiant (lécithine de soja), arôme, antioxydant (e307b de soja) ",29/10/25,"Gluten, Lait, Soja ",,499.5219885277247
Chocolate Scotch Finger – Arnott's ,250,snacks,2,"Australia, France, New zealand, UAE",,0.5,2090.0,5.73,24.7,14.1,65.6,27.3,1000.0,2.2,"WHEAT FLOUR, SUGAR, BUTTER (CREAM (FROM MILK), SALT), VEGETABLE OIL (CONTAINS SOY), MILK SOLIDS, COCOA BUTTER, COCOA MASS, CONDENSED MILK, SALT, EGGS, BAKING POWDER, EMULSIFIERS (SOY LECITHIN, E476), FLAVOUR, CONTAINS MILK CHOCOLATE 21%. ",29/10/25,"Œufs, Gluten, Lait, Soja Traces : Fruits à coque, Arachides, Graines de sésame ",,499.5219885277247
Tim Tam – Arnott's,250,snacks,2,"Australia, France",,0.5,2029.0,3.9,22.1,12.3,65.9,43.7,1380.0,0.0,,29/10/25,,,484.94263862332696
Tim Tam Murray River Salted Caramel – Arnott's ,175,snacks,2,"Australia, France",,0.5,2060.0,4.3,23.3,13.4,65.2,44.6,274.0,1.4,"Milk Chocolate (34%) (Sugar, Milk Solids, Cocoa Butter, Cocoa Mass, Vegetable Oil, Emulsifiers (Soy Lecithin, E476), Flavour), Wheat Flour, Sugar, Murray River Salted Caramel (14%) (Sugar, Condensed Milk Glucose Syrup, Humectant (E422), Water, Butter (From Milk), Vegetable Oil Emulsifiers (E471, Soy Lecithin), Murray River Salt (0.2%), Flavour, Antioxidant (E3076 from Soy)), Vegetable Oil, Wheat Starch, Food Colours (Caramel I, Paprika Extract), Murray River Salt (0.2%), Baking Powder, Salt, Emulsifier (Soy Lecithin), Flavour, Antioxidants (E307b From Soy) CONTAINS GLUTEN, WHEAT, MILK, SOY. MAY CONTAIN EGG, TREE NUTS, PEANUT, SESAME. ",29/10/25,"Gluten, Lait, Fruits à coque, Arachides, Graines de sésame, Soja ",,492.3518164435946
MONTE – ARNOTT'S ,200,snacks,2,Australia,,0.5,2100.0,4.8,24.8,15.2,62.4,36.8,680.0,0.0,"FARINE DE BLE, SUCRE, HUILE VEGETALE (CONTIENT DU SOJA), PATE DE CACAO, HATIERE SECHE DU LAIT, BEURRE DE CACAO, HOIX DE COCOSECHEE, SEL, DEUFS, EMULSIFIANTS (LECITHIHE DE SOIA, E476), HELASSE CLAIRE, HIEL LEVURE CHIMIQUE, AROME. COHTIEHT40% DE CHOCOLAT. PEUT CONTENIR DES TRACES DE CACAHUETE, DE SESAME ET DE FRUIT A COQUE. ",29/10/25,"Gluten, Soja Traces : Fruits à coque, Arachides, Graines de sésame ",,501.9120458891013
Lait concentré sucré – Nestlé ,395,Milk,1D,"Australia, France, New caledonia",,1.0,1439.0,7.6,8.1,6.0,55.9,55.9,230.0,1.0,"LAIT (56%), SUCRE (44%)",29/10/25,Milk,,343.92925430210323
Arnott's Original Scotch Finger Biscuits,250,snacks,2,"Australia, France, New zealand",,1.0,2040.0,5.7,21.2,12.5,66.9,18.7,491.0,2.4,"FARINE DE BLÉ, SUCRE, BEURRE (CRÈME (DE LAIT), SEL), HUILE VÉGÉTALE, LAIT CONDENSÉ, SEL, ŒUFS, LEVURE CHIMIQUE, ÉMULSIFIANT (LÉCITHINE DE SOJA), ANTIOXYDANT (E307B DE SOJA). PEUT CONTENIR DES TRACES DE CACAHUETE, DE SÉSAME ET DE FRUIT À COQUE. ",29/10/25,"Œufs, Gluten, Lait, Arachides, Graines de sésame, Soja Traces : Fruits à coque, Arachides, Graines de sésame ",,487.5717017208413
The original choc ripple – Arnott's,250,snacks,2,"Australia, France, New zealand",,1.0,1880.0,4.5,16.4,8.4,68.6,36.7,378.0,0.0,"Wheat flour, Sugar, Vegetable Oil, Cocoa Powder,Golden Syrup, Baking Powder, Food Colour (Caramel III), Salt, Emulsifier (Soy Lecithin), Natural Flavour, Antioxidant ( E307b From Soy) ",29/10/25,"Gluten, Soja Traces : Lait, Fruits à coque, Arachides, Graines de sésame ",,449.3307839388145
Delta Cream Biscuits – Arnotts,250,snacks,2,"Australia, France",Woolsworth,1.0,2042.0,4.1,21.5,11.0,67.4,34.8,279.0,0.0,"FARINE DE BLÉ, SUCRE, HUILE VÉGÉTALE, CACAO EN POUDRE, SEL, COLORANT ALIMENTAIRE (CARAMEL III), LEVURE CHIMIQUE, ÉMULSIFIANT (LÉCITHINE DE SOJA), ARÔME, ANTIOXYDANT (E307B DE SOJA). PEUT CONTENIR DES TRACES D'ŒUF, DE LAIT, DE DE FRUIT À COQUE. ",29/10/25,"Gluten, Soja Traces : Œufs, Lait, Fruits à coque ",,488.0497131931166
Organic Pure Honey – Macro,400,Honey,3,"Australia, France",,1.0,1416.0,0.3,0.0,0.0,83.1,82.5,15.0,0.0,100% pure honey,29/10/25,,,338.4321223709369
Dijonnaise Mustard Squeezy – Masterfoods,250,processed foods,2,"Australia, France",,1.0,975.0,2.9,12.9,0.9,26.4,19.3,1611.0,0.0,,29/10/25,,,233.0305927342256
Choc Eclairs,200,processed foods,2,France,,1.0,1730.0,2.4,10.5,7.4,76.7,50.1,160.0,0.0,,29/10/25,,,413.4799235181644
Short bread bites – Arnott's,150,processed foods,2,France,,1.0,2180.0,5.5,29.0,18.0,57.7,15.6,200.0,3.6,,29/10/25,,,521.0325047801147
Brioche chocolate chips rolls,280,Bakery,2,Australia,Aldi,2.0,1500.0,8.2,10.7,5.9,55.9,18.2,345.0,0.0,,29/10/25,"eggs, gluten,wheat, milk",,358.50860420650093
Pains au chocolats,270,Bakery,2,Australia,Aldi,1.5,1740.0,7.6,21.2,9.4,47.7,12.5,422.0,0.0,,29/10/25,"eggs, gluten,wheat, milk, sulphites",,415.8699808795411
Brioche hot dog ,270,Bakery,2,Australia,Aldi,2.0,1410.0,9.5,9.5,9.5,2.2,51.9,11.9,0.0,,29/10/25,"eggs, gluten,wheat, milk, sulphites, sesame",,336.9980879541109
Sliced Brioche Burger Buns 4 Pack ,200,Bakery,2,Australia,Aldi,3.0,1320.0,10.1,6.8,2.0,51.6,11.0,519.0,0.0,,29/10/25,"eggs, gluten,wheat, milk, sulphites, sesame",,315.4875717017208
Sliced Brioche Burger Buns with Sesame Seeds 4 Pack,200,Bakery,2,Australia,Aldi,3.0,1340.0,10.0,7.8,2.0,50.8,11.1,490.0,0.0,,29/10/25,"eggs, gluten,wheat, milk, sulphites, sesame",,320.26768642447416
Belgian Waffles 4 Pack,360,Bakery,2,Australia,Aldi,0.5,1870.0,5.9,23.0,12.0,54.0,29.0,435.0,0.0,,29/10/25,"eggs, gluten,wheat, milk, sulphites, sesame",,446.9407265774378
Plum Pudding ,700,processed ,2,Australia,Aldi,2.0,1340.0,3.2,8.0,2.4,58.5,46.6,150.0,0.0,,29/10/25,"eggs, gluten,wheat, milk, sulphites, sesame",,320.26768642447416
White Sandwich Sliced Bread ,650,Bakery,2,Australia,Aldi,3.5,1050.0,8.3,2.1,0.5,47.5,3.4,418.0,2.4,,29/10/25,"eggs, gluten,wheat, milk, sulphites, sesame",,250.95602294455065
White Toast Sliced Bread,650,Bakery,2,Australia,Aldi,3.5,1050.0,8.3,2.1,0.5,47.5,3.4,418.0,2.4,,29/10/25,"eggs, gluten,wheat, milk, sulphites, sesame",,250.95602294455065
Crumbed Calamari Rings,400,Frozen foods,2,Australia,Aldi,2.5,1020.0,8.0,14.2,2.3,20.9,1.4,560.0,0.0,,29/10/25,"Gluten, wheat, mollusc, soy, crustacean, fish",,243.78585086042065
Salt & Pepper Squid,360,Frozen foods,2,Australia,Aldi,3.0,814.0,8.7,8.5,1.3,20.7,0.6,590.0,0.0,,29/10/25,"Gluten, wheat, mollusc, soy, crustacean, fish",,194.5506692160612
Basa Fillets,1000,Frozen foods,2,Australia,Aldi,4.0,261.0,13.6,0.8,0.4,0.1,0.1,438.0,0.0,,29/10/25,,,62.380497131931165
Barramundi Fillets ,1000,Frozen foods,2,Australia,Aldi,4.5,432.0,19.2,2.9,0.8,0.1,0.1,44.0,0.0,,29/10/25,,,103.25047801147228
Atlantic Salmon Portions,1000,Frozen foods,2,Australia,Aldi,4.5,876.0,20.3,14.4,2.0,0.5,0.1,41.0,0.0,,29/10/25,,,209.36902485659647
Stir Fry Vegetables,850,Frozen foods,2,Australia,Aldi,5.0,148.0,2.0,0.3,0.1,4.6,3.8,23.0,3.5,,29/10/25,,,35.37284894837476
Cooked Peeled Prawn Cutlets,500,Frozen foods,2,Australia,Aldi,4.0,285.0,15.6,0.5,0.2,0.1,0.1,329.0,0.0,,29/10/25,,,68.11663479923519
"Peas, Carrots & Super Sweet Corn",1000,Frozen foods,2,Australia,Aldi,5.0,277.0,2.9,1.1,0.2,8.8,5.8,34.0,4.5,,29/10/25,,,66.20458891013384
Beef Lasagne ,400,Frozen foods,2,Australia,Aldi,3.5,576.0,5.3,5.7,3.1,14.9,2.4,330.0,2.8,,29/10/25,,,137.66730401529637
Marinara Mix,800,Frozen foods,2,Australia,Aldi,4.0,252.0,10.6,0.7,0.3,2.7,0.2,274.0,0.0,,29/10/25,,,60.22944550669216
Prawn Goza,750,Frozen foods,2,Australia,Aldi,3.0,796.0,6.7,7.2,2.1,22.3,2.7,311.0,0.0,,29/10/25,,,190.2485659655832
Corn Kernels,1000,Frozen foods,2,Australia,Aldi,5.0,291.0,2.7,2.0,0.4,8.3,5.0,204.0,3.7,,29/10/25,,,69.55066921606118
Party Pies 24 Pack,1120,Frozen foods,2,Australia,Aldi,2.0,1110.0,6.3,15.9,8.0,23.4,0.6,443.0,0.0,,29/10/25,,,265.2963671128107
Party Sausage Rolls 24 Pack,900,Frozen foods,2,Australia,Aldi,1.5,1150.0,6.5,16.0,8.3,26.1,2.3,567.0,0.0,,29/10/25,,,274.8565965583174
Puff Pastry,1000,Frozen foods,2,Australia,Aldi,2.0,1280.0,5.4,12.8,7.9,41.5,0.7,362.0,0.0,,29/10/25,,,305.92734225621416
Winter Vegetables,1000,Frozen foods,2,Australia,Aldi,5.0,145.0,1.7,0.5,0.1,4.3,3.5,12.0,3.1,,29/10/25,,,34.655831739961755
Green Beans,1000,Frozen foods,2,Australia,Aldi,5.0,133.0,2.1,0.2,0.1,4.0,1.6,9.0,3.6,,29/10/25,,,31.78776290630975
Beer Batter Steak Cut Chips ,750,Frozen foods,2,Australia,Aldi,4.0,603.0,2.5,5.0,1.0,21.5,1.0,124.0,0.0,,29/10/25,,,144.1204588910134
Super Crunch Chips ,1000,Frozen foods,2,Australia,Aldi,4.0,533.0,2.5,4.1,0.3,19.3,1.0,182.0,0.0,,29/10/25,,,127.39005736137666
Fish Fingers 40 Pack,1000,Frozen foods,2,Australia,Aldi,3.5,834.0,9.6,8.5,0.8,20.6,2.1,316.0,0.0,,29/10/25,,,199.33078393881453
Blue Ribbon Classic Vanilla,2000,Frozen foods,2,Australia,Aldi,2.5,783.0,2.1,7.0,5.8,28.8,18.5,45.0,0.0,,29/10/25,,,187.14149139579348
Supreme Family Pizza,500,Frozen foods,2,Australia,Aldi,3.5,903.0,10.9,6.4,3.7,26.7,4.8,270.0,0.0,,29/10/25,,,215.8221797323136
Hawaiian Family Pizza,500,Frozen foods,2,Australia,Aldi,3.5,975.0,9.7,6.5,3.8,31.0,6.5,363.0,0.0,,29/10/25,,,233.0305927342256
Meat Lovers Family Pizza,500,Frozen foods,2,Australia,Aldi,3.5,949.0,10.3,7.0,3.4,29.0,6.2,315.0,0.0,,29/10/25,,,226.81644359464627
Baby Peas,1000,Frozen foods,2,Australia,Aldi,5.0,336.0,5.5,0.9,0.2,9.5,5.2,9.0,6.0,,29/10/25,,,80.30592734225621
Angus Beef Potato Pies 2 Pack,440,Frozen foods,2,Australia,Aldi,2.5,950.0,6.7,14.0,7.0,18.3,1.8,300.0,0.0,,29/10/25,,,227.055449330784
Salmon Wellington 2 Pack ,280,Frozen foods,2,Australia,Aldi,3.0,1110.0,8.9,16.9,6.4,19.1,0.2,200.0,0.0,,29/10/25,,,265.2963671128107
Spanish Stuffed Green Olives ,450,canned foods,2,Australia,Aldi,2.5,594.0,0.9,15.0,3.0,1.0,1.0,1270.0,0.0,,29/10/25,,,141.96940726577438
Firm Tofu,450,processed,2,Australia,Aldi,5.0,491.0,14.8,3.9,0.6,5.6,0.4,5.0,6.2,,29/10/25,,,117.35181644359464
Cocktail Onions ,450,canned foods,2,Australia,Aldi,4.0,102.0,0.3,0.6,0.1,4.0,2.1,564.0,0.0,,29/10/25,,,24.378585086042065
Grilled Peppers,280,canned foods,2,Australia,Aldi,2.5,184.0,0.7,2.3,0.3,5.1,2.0,859.0,0.0,,29/10/25,,,43.977055449330784
Grilled Artichokes,280,canned foods,2,Australia,Aldi,3.0,365.0,1.2,7.2,0.9,4.6,0.1,535.0,0.0,,29/10/25,,,87.23709369024856
Whole Kalamata Olives,350,canned foods,2,Australia,Aldi,2.5,917.0,1.6,22.4,2.5,1.6,0.4,1600.0,0.0,,29/10/25,,,219.1682600382409
Sundried Tomato Halves,280,canned foods,2,Australia,Aldi,2.5,903.0,12.7,7.3,1.1,50.2,33.8,800.0,0.0,,29/10/25,,,215.8221797323136
European Style Pickled Cucumbers,680,canned foods,2,Australia,Aldi,3.5,106.0,1.2,0.1,0.1,4.0,3.1,730.0,0.0,,29/10/25,,,25.334608030592733
Baby Cucumbers,350,canned foods,2,Australia,Aldi,4.0,228.0,1.3,0.3,0.1,11.2,9.2,490.0,0.0,,29/10/25,,,54.493307839388144
Vegetarian Sausages,300,canned foods,2,Australia,Aldi,4.0,892.0,19.9,10.8,0.9,8.2,1.7,465.0,1.8,,29/10/25,,,213.1931166347992
Classic Falafel Balls,225,processed foods,2,Australia,Aldi,4.0,1160.0,6.9,17.0,1.3,21.5,0.6,573.0,7.5,,29/10/25,,,277.24665391969404
Chicken Flavour Liquid Stock ,1000,stocks and gravy,2,Australia,Aldi,3.0,14.0,0.1,0.1,0.1,0.7,0.2,352.0,0.0,,29/10/25,,,3.3460803059273423
Beef Liquid Stock,1000,stocks and gravy,2,Australia,Aldi,3.0,30.0,1.0,0.1,0.1,0.7,0.6,405.0,0.0,,29/10/25,,,7.1701720841300185
Instant Gravy Mix Chicken Flavoured,120,stocks and gravy,2,Australia,Aldi,3.0,168.0,0.2,0.2,0.2,9.0,1.0,590.0,0.0,,29/10/25,,,40.152963671128106
Instant Gravy Mix Traditional Flavoured,120,stocks and gravy,2,Australia,Aldi,3.0,171.0,0.2,0.5,0.4,8.7,1.0,645.0,0.0,,29/10/25,,,40.86998087954111
Jasmine Rice,1000,"Pasta, rice and grains",2,Australia,Aldi,3.5,319.0,2.1,0.3,0.1,16.0,0.1,5.0,0.0,,29/10/25,,,76.24282982791587
Basmati Rice,1000,"Pasta, rice and grains",2,Australia,Aldi,3.5,402.0,3.1,0.3,0.1,19.9,0.1,5.0,0.0,,29/10/25,,,96.08030592734224
Bowties Pasta,500,"Pasta, rice and grains",2,Australia,Aldi,4.0,646.0,4.8,1.0,0.2,31.0,1.4,10.0,1.8,,29/10/25,,,154.39770554493307
Brown Rice,1000,"Pasta, rice and grains",2,Australia,Aldi,4.0,555.0,3.2,1.3,0.4,26.1,0.2,5.0,1.2,,29/10/25,,,132.64818355640534
Pasta Spaghetti,500,"Pasta, rice and grains",2,Australia,Aldi,4.0,646.0,4.8,1.0,0.2,31.0,1.4,10.0,1.8,,29/10/25,,,154.39770554493307
Pasta Macaroni,500,"Pasta, rice and grains",2,Australia,Aldi,4.0,646.0,4.8,1.0,0.2,31.0,1.4,10.0,1.8,,29/10/25,,,154.39770554493307
Microwave Rice Pouch Egg Fried Rice,250,"Pasta, rice and grains",2,Australia,Aldi,4.0,665.0,3.5,3.9,0.9,26.4,0.6,387.0,1.8,,29/10/25,,,158.93881453154876
Cous Cous,500,"Pasta, rice and grains",2,Australia,Aldi,4.0,672.0,5.3,0.7,0.2,30.6,1.0,21.0,2.2,,29/10/25,,,160.61185468451242
Microwave Rice Pouch Mexican ,250,"Pasta, rice and grains",2,Australia,Aldi,3.5,696.0,3.7,2.8,0.7,29.1,1.7,195.0,0.0,,29/10/25,,,166.34799235181643
Lasagne Pasta Sheets,250,"Pasta, rice and grains",2,Australia,Aldi,4.0,1510.0,12.4,1.8,0.5,71.2,2.2,5.0,3.3,,29/10/25,,,360.8986615678776
Vietnamese Rice Paper 10 Pack ,280,"Pasta, rice and grains",2,Australia,Aldi,3.0,711.0,0.1,0.2,0.1,41.8,0.5,160.0,0.0,,29/10/25,,,169.93307839388146
Sushi Rice,1000,"Pasta, rice and grains",2,Australia,Aldi,3.5,559.0,2.4,0.4,0.2,29.6,0.1,5.0,0.0,,29/10/25,,,133.60420650095602
Fresh Hokkien Noodles,450,"Pasta, rice and grains",2,Australia,Aldi,4.0,768.0,5.5,2.4,0.3,33.7,1.2,84.0,1.6,,29/10/25,,,183.55640535372848
Singapore Noodles ,450,"Pasta, rice and grains",2,Australia,Aldi,4.0,690.0,7.3,2.9,0.3,26.2,0.6,38.0,1.7,,29/10/25,,,164.91395793499044
Arborio Rice,1000,"Pasta, rice and grains",2,Australia,Aldi,3.5,650.0,3.2,0.1,0.1,34.8,0.1,5.0,0.0,,29/10/25,,,155.35372848948373
Gluten Free Spirals,500,"Pasta, rice and grains",2,Australia,Aldi,3.5,1010.0,4.3,0.9,0.4,52.1,1.0,13.0,1.5,,29/10/25,,,241.395793499044
Microwave Rice Brown Rice & Chia,250,"Pasta, rice and grains",2,Australia,Aldi,4.0,751.0,5.1,1.5,0.3,34.5,0.1,5.0,3.0,,29/10/25,,,179.49330783938814
Potato Gnocchi,500,"Pasta, rice and grains",2,Australia,Aldi,4.0,660.0,3.1,0.3,0.2,33.9,0.2,350.0,2.7,,29/10/25,,,157.7437858508604
Free Range Egg Pasta Tagliatelle,375,"Pasta, rice and grains",2,Australia,Aldi,4.0,551.0,6.1,0.8,0.2,23.8,0.1,5.0,1.6,,29/10/25,,,131.6921606118547
banana bread – Woolworths,500,bread,2,Australia,Woolsworth,2.5,1440.0,5.9,13.8,1.7,48.0,29.2,625.0,1.0,,29/10/25,,,344.16826003824093
Poulet Tikka Masala,350,foods processed,2,Australia,Woolsworth,2.5,536.0,5.0,4.9,2.5,16.0,2.7,700.0,0.7,,29/10/25,,,128.10707456978966
Butter flavour microwave popcorn ,100,foods processed,2,Australia,Woolsworth,2.5,1958.0,10.4,20.8,10.8,56.0,4.0,1450.0,9.2,,29/10/25,,,467.97323135755255
Baked Beans in Tomato Sauce,420,foods processed,2,Australia,Aldi,4.5,365.0,4.3,0.5,0.1,14.1,5.5,320.0,4.1,,29/10/25,,,87.23709369024856
Whole Baby Beetroot,330,foods processed,2,Australia,Aldi,4.0,299.0,1.0,0.5,0.1,15.0,14.0,264.0,0.0,,29/10/25,,,71.46271510516252
Thin Cut Chips Original,230,foods processed,2,Australia,Aldi,2.5,2290.0,6.7,34.9,2.4,50.7,1.0,498.0,2.9,,29/10/25,,,547.3231357552581
Yellowfin Tuna Chunks in Oil,425,foods processed,2,Australia,Aldi,3.5,699.0,23.3,8.2,0.9,1.0,1.0,344.0,0.0,,29/10/25,,,167.06500956022944
Spaghetti in Tomato Sauce ,420,foods processed,2,Australia,Aldi,3.0,326.0,1.9,0.3,0.1,16.6,5.9,423.0,0.0,,29/10/25,,,77.91586998087953
Pepita Seeds ,125,Packaged foods,2,Australia,Aldi,5.0,2460.0,35.4,48.1,8.8,1.4,1.4,5.0,6.8,,29/10/25,,,587.9541108986615
Old El Paso Burrito Spice Mix Burrito Spice Mix,40,Packaged foods,2,Australia,Woolsworth,1.0,1090.0,9.2,4.3,0.6,40.8,7.2,5070.0,10.1,,29/10/25,,,260.51625239005733
Old El Paso Nachos Spice Mix,35,Packaged foods,2,Australia,Woolsworth,1.0,1360.0,10.0,7.0,0.8,47.1,17.5,4360.0,16.2,,29/10/25,,,325.0478011472275
Magnum Almond Ice Cream Sticks ,428,dairy,2D,Australia,Woolsworth,1.0,1410.0,5.0,22.8,13.7,27.5,25.0,50.0,0.0,,29/10/25,,,336.9980879541109
Herbert Adams Sausage Rolls King Island Beef Frozen 12 pack,420,processed foods,2,Australia,Woolsworth,1.0,1260.0,9.2,15.9,8.5,29.9,1.5,730.0,0.0,,29/10/25,,,301.1472275334608
McCain Pickers Jalapeno Cheese Nuggets,230,processed foods,2,Australia,Woolsworth,1.0,1390.0,13.8,19.9,9.0,23.7,3.6,928.0,0.0,,29/10/25,,,332.2179732313575
Pampas Puff Pastry 10 Sheets,1600,processed foods,2,Australia,Woolsworth,1.5,1360.0,5.1,16.3,10.1,39.3,1.0,360.0,0.0,,29/10/25,,,325.0478011472275
Woolworths Ice Cream Cones Boysenberry 4 pack,475,Ice,2D,Australia,Woolsworth,1.5,1130.0,3.3,11.9,7.8,37.1,27.7,54.0,0.0,,29/10/25,,,270.07648183556404
Four'N Twenty Traveller King Size Sausage Roll ,180,processed foods,2,Australia,Woolsworth,1.5,1220.0,7.2,16.0,8.6,28.3,1.0,625.0,0.0,,29/10/25,,,291.5869980879541
Herbert Adams Cream Cheese & Spinach Savoury Rolls 2 pack,380,processed foods,2,Australia,Woolsworth,1.5,1330.0,4.9,16.1,8.9,26.4,1.3,622.0,0.0,,29/10/25,,,317.8776290630975
Four'N Twenty Snack Pack 24 pack,1100,processed foods,2,Australia,Woolsworth,1.5,1010.0,6.8,12.3,6.1,3.6,1.5,458.0,0.0,,29/10/25,,,241.395793499044
Pampas Shortcrust Pastry 5 Sheets,1000,processed foods,2,Australia,Woolsworth,1.5,1660.0,5.0,22.5,11.9,43.3,1.1,425.0,0.0,,29/10/25,,,396.7495219885277
Nanna's Salted Caramel Snack Pies 4 pack,450,processed foods,2,Australia,Woolsworth,1.5,1260.0,4.0,17.8,8.4,46.2,20.5,357.0,0.0,,29/10/25,,,301.1472275334608
Woolworths Lamington Fingers 18 pack,350,processed foods,2,Australia,Woolsworth,1.5,1350.0,4.8,7.8,6.2,56.1,34.3,245.0,3.8,,29/10/25,,,322.65774378585087
Woolworths Cup Cake Mini Iced 9 pack,180,processed foods,2,Australia,Woolsworth,1.5,1690.0,4.1,17.8,5.2,56.3,32.3,258.0,0.0,,29/10/25,,,403.9196940726577
La Famiglia Garlic Bread ,400,processed foods,2,Australia,Woolsworth,1.5,1570.0,8.5,16.7,9.7,47.5,2.3,690.0,0.0,,29/10/25,,,375.2390057361376
"La Famiglia Garlic Bread Just For 2 
",170,processed foods,2,Australia,Woolsworth,1.5,1590.0,7.7,17.4,10.9,46.3,3.1,620.0,0.0,,29/10/25,,,380.019120458891
Woolworths Madeira Cake,450,bakery,2,Australia,Woolsworth,1.5,1620.0,5.1,15.9,3.5,55.0,31.3,360.0,1.3,,29/10/25,,,387.189292543021
Woolworths Mudcake White,600,bakery,2,Australia,Woolsworth,1.5,1460.0,4.0,13.7,4.7,51.6,30.7,206.0,1.1,,29/10/25,,,348.9483747609942
Woolworths Lemon Madeira Cake ,315,bakery,2,Australia,Woolsworth,1.5,1540.0,4.2,9.9,2.4,64.6,44.7,315.0,1.1,,29/10/25,,,368.0688336520077
Woolworths Pesto Basil,190,sauce,2,Australia,Woolsworth,2.0,2000.0,4.5,49.2,6.4,5.3,2.2,527.0,1.7,,29/10/25,,,478.0114722753346
Woolworths Banana Bread Slices 5 pack,500,bakery,2,Australia,Woolsworth,2.0,1430.0,5.9,13.8,1.7,48.0,29.0,250.0,1.0,,29/10/25,,,341.7782026768642
Pizza BBQ Meatlovers ,500,pizza,2,Australia,Woolsworth,2.0,962.0,9.0,6.0,2.6,34.5,5.8,749.0,0.0,,29/10/25,,,229.923518164436
Woolworths Chocolate Mudcake ,600,bakery,2,Australia,Woolsworth,2.0,1620.0,3.9,17.2,4.8,52.7,34.2,248.0,2.2,,29/10/25,,,387.189292543021
Woolworths Garlic Loaf ,400,bakery,2,Australia,Woolsworth,2.0,1510.0,6.3,24.1,5.7,39.9,1.1,525.0,2.0,,29/10/25,,,360.8986615678776
Woolworths BBQ Australian Lamb Koftas Honey & Mint 450g,450,meat,2,Australia,Woolsworth,2.0,1150.0,16.3,20.9,9.8,6.1,3.0,353.0,0.0,,29/10/25,,,274.8565965583174
Cottee's Thick 'n' Rich Chocolate Sauce Ice Cream Topping,615,cream,2,Australia,Woolsworth,2.0,910.0,0.5,0.2,0.1,51.6,48.5,70.0,0.4,,29/10/25,,,217.49521988527724
Divine Classic Creme Caramel 150g,150,cream,2,Australia,Woolsworth,2.0,527.0,4.1,3.9,2.5,18.4,17.7,53.0,0.0,,29/10/25,,,125.95602294455068
La Famiglia Garlic Bread Sourdough,480,bakery,2,Australia,Woolsworth,2.0,1290.0,6.9,13.3,8.4,40.2,2.2,435.0,0.0,,29/10/25,,,308.3173996175908
Bulla Creamy Classics Ice Cream Tub Cookies & Cream,2000,ice cream,2,Australia,Woolsworth,2.0,919.0,3.4,10.7,7.1,27.1,20.5,77.0,0.0,,29/10/25,,,219.64627151051624
Essentials Chocolate Topping ,600,topping,2,Australia,Woolsworth,2.0,923.0,1.0,1.0,1.0,52.6,48.8,72.0,0.0,,29/10/25,,,220.60229445506693
Woolworths Snack Apple Pies 4 pack,450,bakery,2,Australia,Woolsworth,2.0,1190.0,3.6,12.9,8.3,37.8,14.7,246.0,1.7,,29/10/25,,,284.4168260038241
Maggi 2 Minute Chicken Flavour Instant Noodles 5 pack,360,processed foods,2,Australia,Woolsworth,3.5,330.0,1.9,3.0,1.4,10.7,1.0,245.0,0.0,,29/10/25,,,78.8718929254302
Essentials Chunky Pasta Sauce,700,sauce,2,Australia,Woolsworth,3.5,247.0,1.6,1.3,1.0,9.3,6.2,234.0,0.0,,29/10/25,,,59.03441682600382
Woolworths Angus Beef & Caramelised Onion Sausages ,450,meat,2,Australia,Woolsworth,2.5,1130.0,18.3,17.3,7.2,7.4,3.3,438.0,7.1,,29/10/25,,,270.07648183556404
Old El Paso Burrito Dinner Kit Mexican Style,485,sandwich,2,Australia,Woolsworth,2.5,1010.0,6.0,4.9,0.6,42.0,2.4,849.0,1.6,,29/10/25,,,241.395793499044
Foster Clark's Custard Powder ,350,food,2,Australia,Woolsworth,2.5,1470.0,0.3,0.2,0.0,86.0,4.4,605.0,0.0,,29/10/25,,,351.33843212237093
Leggo's Fresh Carbonara Sauce,450,sauce,2,Australia,Woolsworth,2.5,431.0,4.2,7.1,4.1,5.6,2.8,426.0,0.0,,29/10/25,,,103.0114722753346
Nanna's Apple Crumble,550,bakery,2,Australia,Woolsworth,2.5,873.0,2.3,7.6,3.9,30.3,19.3,107.0,0.0,,29/10/25,,,208.6520076481836
